Bildname,Maskengröße (weiße Pixel),mask_category
ADE_train_00003173.jpg,8457,mittel
ADE_train_00023741.jpg,19368,mittel
ADE_train_00022732.jpg,159556,groß
ADE_train_00001504.jpg,2248,klein
ADE_frame_00000204.jpg,12808,mittel
ADE_train_00003171.jpg,5419,klein
ADE_train_00012219.jpg,16221,mittel
ADE_train_00001961.jpg,186580,groß
ADE_train_00024430.jpg,165606,groß
ADE_train_00001716.jpg,15275,mittel
ADE_train_00001676.jpg,2712,klein
ADE_train_00001758.jpg,21087,mittel
ADE_train_00001561.jpg,58078,mittel
ADE_train_00022769.jpg,54937,mittel
ADE_train_00022744.jpg,95956,groß
ADE_frame_00000203.jpg,146656,groß
ADE_train_00012246.jpg,4823,klein
ADE_train_00001522.jpg,54615,mittel
ADE_train_00002378.jpg,106641,groß
ADE_train_00023725.jpg,32097,mittel
ADE_train_00005280.jpg,13467,mittel
ADE_train_00001763.jpg,9615,mittel
ADE_train_00012220.jpg,10300,mittel
ADE_train_00016340.jpg,709,klein
ADE_train_00019507.jpg,3177,klein
ADE_train_00003093.jpg,5510,klein
ADE_train_00002042.jpg,114870,groß
ADE_train_00012286.jpg,2099,klein
ADE_train_00023671.jpg,15762,mittel
ADE_train_00020088.jpg,9563,mittel
ADE_train_00022041.jpg,55735,mittel
ADE_train_00001635.jpg,613147,groß
ADE_train_00019095.jpg,141545,groß
ADE_train_00008819.jpg,101574,groß
ADE_train_00012185.jpg,11208,mittel
ADE_train_00022681.jpg,82024,groß
ADE_train_00015457.jpg,42009,mittel
ADE_train_00022684.jpg,148762,groß
ADE_train_00001222.jpg,9570,mittel
ADE_train_00008798.jpg,10417,mittel
ADE_train_00001746.jpg,27652,mittel
ADE_train_00025047.jpg,49738,mittel
ADE_train_00002031.jpg,594983,groß
ADE_train_00001240.jpg,17455,mittel
ADE_train_00022698.jpg,114212,groß
ADE_train_00009373.jpg,288391,groß
ADE_train_00011721.jpg,34561,mittel
ADE_frame_00000210.jpg,19513,mittel
ADE_train_00001735.jpg,14029,mittel
ADE_train_00002056.jpg,167594,groß
ADE_train_00019017.jpg,2217,klein
ADE_train_00001726.jpg,16110,mittel
ADE_train_00022999.jpg,34419,mittel
ADE_train_00001720.jpg,1503,klein
ADE_train_00001346.jpg,14797,mittel
ADE_train_00001787.jpg,99656,groß
ADE_frame_00000267.jpg,221465,groß
ADE_train_00006419.jpg,1259,klein
ADE_train_00004842.jpg,1597,klein
ADE_train_00019603.jpg,1428,klein
ADE_train_00012252.jpg,11308,mittel
ADE_train_00002372.jpg,1582,klein
ADE_train_00022695.jpg,69813,mittel
ADE_train_00002423.jpg,179591,groß
ADE_frame_00000015.jpg,109815,groß
ADE_train_00004251.jpg,70202,mittel
ADE_train_00002390.jpg,5659,klein
ADE_train_00005541.jpg,3313,klein
ADE_train_00022700.jpg,169444,groß
ADE_train_00001713.jpg,305191,groß
ADE_train_00001554.jpg,47757,mittel
ADE_train_00024549.jpg,70860,mittel
ADE_train_00009972.jpg,5845,klein
ADE_train_00002396.jpg,3264,klein
ADE_train_00001822.jpg,12127,mittel
ADE_train_00004399.jpg,11050,mittel
ADE_train_00012289.jpg,2569,klein
ADE_train_00002279.jpg,184645,groß
ADE_frame_00000302.jpg,25549,mittel
ADE_train_00002059.jpg,138388,groß
ADE_train_00001759.jpg,7003,mittel
ADE_train_00023815.jpg,128042,groß
ADE_train_00001552.jpg,2458,klein
ADE_train_00008815.jpg,16297,mittel
ADE_train_00024551.jpg,19237,mittel
ADE_train_00001649.jpg,319795,groß
ADE_train_00001633.jpg,79879,mittel
ADE_train_00016147.jpg,383060,groß
ADE_train_00015772.jpg,6210,klein
ADE_train_00001728.jpg,8327,mittel
ADE_train_00012248.jpg,4800,klein
ADE_train_00012213.jpg,7172,mittel
ADE_train_00011596.jpg,2203,klein
ADE_train_00001949.jpg,59587,mittel
ADE_train_00002200.jpg,17346,mittel
ADE_train_00010920.jpg,5213,klein
ADE_train_00007695.jpg,78415,mittel
ADE_train_00010068.jpg,17883,mittel
ADE_train_00001562.jpg,46967,mittel
ADE_train_00007682.jpg,7471,mittel
ADE_train_00002461.jpg,12211,mittel
ADE_train_00022240.jpg,51021,mittel
ADE_train_00019200.jpg,379919,groß
ADE_train_00010766.jpg,64137,mittel
ADE_train_00001502.jpg,25901,mittel
ADE_train_00010062.jpg,108230,groß
ADE_train_00019144.jpg,24201,mittel
ADE_train_00001663.jpg,1729,klein
ADE_frame_00000292.jpg,2026,klein
ADE_train_00001727.jpg,9718,mittel
ADE_train_00001750.jpg,57860,mittel
ADE_train_00002287.jpg,11121,mittel
ADE_train_00022701.jpg,123774,groß
ADE_train_00009354.jpg,35711,mittel
ADE_train_00011720.jpg,13943,mittel
ADE_train_00002351.jpg,11341,mittel
ADE_train_00002381.jpg,2597,klein
ADE_train_00012227.jpg,21406,mittel
ADE_frame_00000268.jpg,23759,mittel
ADE_train_00019508.jpg,1141,klein
ADE_train_00001765.jpg,5715,klein
ADE_train_00001490.jpg,9250,mittel
ADE_train_00019290.jpg,4755,klein
ADE_train_00024826.jpg,683962,groß
ADE_train_00002172.jpg,4962,klein
ADE_train_000432.jpg,7453,mittel
ADE_train_00012270.jpg,134047,groß
ADE_train_00001753.jpg,15938,mittel
ADE_train_00020206.jpg,187556,groß
ADE_train_00022735.jpg,350572,groß
ADE_train_00009812.jpg,2979,klein
ADE_train_00019145.jpg,15979,mittel
ADE_train_00002386.jpg,831,klein
ADE_train_00001773.jpg,17073,mittel
ADE_train_00002174.jpg,66158,mittel
ADE_train_00019509.jpg,17326,mittel
ADE_train_00019512.jpg,25227,mittel
ADE_train_00001788.jpg,3806,klein
ADE_train_00002417.jpg,20535,mittel
ADE_train_00001761.jpg,22341,mittel
ADE_train_00001689.jpg,1974,klein
ADE_train_00001657.jpg,2551,klein
ADE_train_00000651.jpg,26243,mittel
ADE_train_00001824.jpg,10286,mittel
ADE_train_00002293.jpg,4865,klein
ADE_train_00020241.jpg,140382,groß
ADE_train_00008801.jpg,19889,mittel
ADE_train_00002192.jpg,26021,mittel
ADE_train_00023669.jpg,116928,groß
ADE_train_00006613.jpg,36532,mittel
ADE_train_00002140.jpg,2416,klein
ADE_train_00001667.jpg,8845,mittel
ADE_train_00000663.jpg,192166,groß
ADE_train_00011594.jpg,4958,klein
ADE_train_00019021.jpg,628,klein
ADE_train_00002291.jpg,3569,klein
ADE_train_00019098.jpg,1329,klein
ADE_train_00004242.jpg,120741,groß
ADE_train_00020087.jpg,31040,mittel
ADE_train_00001760.jpg,9933,mittel
ADE_train_00022685.jpg,63959,mittel
ADE_train_00022678.jpg,65090,mittel
ADE_train_00024113.jpg,399487,groß
ADE_train_00000555.jpg,13947,mittel
ADE_train_00001767.jpg,20383,mittel
ADE_train_00013814.jpg,79695,mittel
ADE_train_00019294.jpg,126529,groß
ADE_train_00021742.jpg,7458,mittel
ADE_train_00010111.jpg,204641,groß
ADE_train_00011671.jpg,82262,groß
ADE_train_00001500.jpg,50940,mittel
ADE_train_00001802.jpg,38056,mittel
ADE_train_00012247.jpg,9579,mittel
ADE_train_00011663.jpg,64657,mittel
ADE_train_00012228.jpg,11662,mittel
ADE_train_00021165.jpg,8691,mittel
ADE_train_00001757.jpg,15294,mittel
ADE_frame_00000028.jpg,15234,mittel
ADE_train_00002048.jpg,1014895,groß
ADE_train_00022697.jpg,177771,groß
ADE_train_00001741.jpg,303302,groß
ADE_train_00022987.jpg,344032,groß
ADE_train_00001698.jpg,31066,mittel
ADE_train_00023738.jpg,258550,groß
ADE_train_00006624.jpg,71147,mittel
ADE_train_00022932.jpg,296587,groß
ADE_train_00001711.jpg,35911,mittel
ADE_train_00022635.jpg,2978,klein
ADE_train_00000664.jpg,51752,mittel
ADE_train_00004951.jpg,2279,klein
ADE_train_00002462.jpg,1325534,groß
ADE_train_00011716.jpg,6760,klein
ADE_train_00001694.jpg,49612,mittel
ADE_train_00001816.jpg,57226,mittel
ADE_train_00022683.jpg,141109,groß
ADE_train_00000656.jpg,6006,klein
ADE_frame_00000180.jpg,104390,groß
ADE_train_00002388.jpg,5656,klein
ADE_train_00012223.jpg,2951,klein
ADE_train_00000667.jpg,49839,mittel
ADE_train_00001688.jpg,281908,groß
ADE_train_00001762.jpg,21889,mittel
ADE_train_00016762.jpg,1608,klein
ADE_train_00012271.jpg,71874,mittel
ADE_train_00003182.jpg,7483,mittel
ADE_train_00009805.jpg,2243,klein
ADE_train_00019281.jpg,8314,mittel
ADE_train_00003095.jpg,1353,klein
ADE_train_00022692.jpg,73866,mittel
ADE_train_00022703.jpg,241775,groß
ADE_train_00023137.jpg,155944,groß
ADE_train_00001550.jpg,19431,mittel
ADE_train_00015459.jpg,132194,groß
ADE_train_00012249.jpg,12317,mittel
ADE_train_00020209.jpg,57354,mittel
ADE_train_00023726.jpg,14838,mittel
ADE_train_00020208.jpg,287809,groß
ADE_train_00024475.jpg,105889,groß
ADE_train_00004952.jpg,319712,groß
ADE_train_00022705.jpg,8005,mittel
ADE_train_00010999.jpg,21363,mittel
ADE_train_00011664.jpg,97387,groß
ADE_train_00022682.jpg,464499,groß
ADE_train_00007484.jpg,4111,klein
ADE_train_00001704.jpg,12997,mittel
ADE_train_00001336.jpg,10746,mittel
ADE_train_00015456.jpg,176283,groß
ADE_train_00001987.jpg,19685,mittel
ADE_train_00024476.jpg,44084,mittel
ADE_train_00001774.jpg,16091,mittel
ADE_train_00001697.jpg,351955,groß
ADE_train_00003161.jpg,4995,klein
ADE_train_00012243.jpg,2635,klein
ADE_train_00019094.jpg,2529,klein
ADE_train_00005328.jpg,440274,groß
ADE_train_00020247.jpg,215542,groß
ADE_train_00002405.jpg,8099,mittel
ADE_train_00002346.jpg,13750,mittel
ADE_train_00001489.jpg,32498,mittel
ADE_frame_00000061.jpg,15042,mittel
ADE_train_00022727.jpg,10188,mittel
ADE_train_00024577.jpg,30198,mittel
ADE_train_00001701.jpg,22771,mittel
ADE_train_00001498.jpg,162674,groß
ADE_train_00023727.jpg,17792,mittel
ADE_train_00008812.jpg,14514,mittel
ADE_train_00022686.jpg,146044,groß
ADE_train_00019286.jpg,43764,mittel
ADE_train_00005542.jpg,19033,mittel
ADE_train_00012237.jpg,3261,klein
ADE_train_00003168.jpg,329938,groß
ADE_train_00002045.jpg,8566,mittel
ADE_train_00019004.jpg,190832,groß
ADE_train_00007507.jpg,154300,groß
ADE_train_00015453.jpg,54529,mittel
ADE_train_00016855.jpg,18465,mittel
ADE_train_00006150.jpg,2687,klein
ADE_train_00002054.jpg,310417,groß
ADE_train_00024687.jpg,1304,klein
ADE_train_00002366.jpg,11875,mittel
ADE_train_00001747.jpg,1957,klein
ADE_train_00025118.jpg,167257,groß
ADE_train_00007690.jpg,6747,klein
ADE_frame_00000142.jpg,19952,mittel
ADE_train_00022762.jpg,86168,groß
ADE_train_00001655.jpg,15502,mittel
ADE_train_00001717.jpg,1890,klein
ADE_train_00001680.jpg,4699,klein
ADE_train_00012214.jpg,47662,mittel
ADE_train_00008808.jpg,9126,mittel
ADE_train_00005327.jpg,149771,groß
ADE_train_00019288.jpg,22816,mittel
ADE_frame_00000191.jpg,93044,groß
ADE_train_00024362.jpg,37179,mittel
ADE_train_00009990.jpg,1101,klein
ADE_train_00007689.jpg,113651,groß
ADE_train_00002274.jpg,10570,mittel
ADE_train_00003167.jpg,10404,mittel
ADE_train_00003189.jpg,2535,klein
ADE_train_00020082.jpg,27785,mittel
ADE_train_00004302.jpg,1303,klein
ADE_train_00001797.jpg,36057,mittel
ADE_train_00022699.jpg,53188,mittel
ADE_train_00012241.jpg,8443,mittel
ADE_train_00001804.jpg,35731,mittel
ADE_train_00022758.jpg,188824,groß
ADE_train_00013811.jpg,1058677,groß
ADE_train_00001755.jpg,10830,mittel
ADE_train_00001805.jpg,26453,mittel
ADE_train_00022731.jpg,138538,groß
ADE_train_00009807.jpg,15781,mittel
ADE_train_00001974.jpg,530386,groß
ADE_train_00020471.jpg,416,klein
ADE_train_00002165.jpg,3955,klein
ADE_train_00024550.jpg,67255,mittel
ADE_train_00006609.jpg,1305,klein
ADE_train_00010919.jpg,5034,klein
ADE_frame_00000005.jpg,43721,mittel
ADE_train_00022242.jpg,35874,mittel
ADE_train_00004377.jpg,2792,klein
ADE_train_00001565.jpg,18067,mittel
ADE_train_00012236.jpg,6139,klein
ADE_train_00003169.jpg,2673,klein
ADE_train_00012187.jpg,5362,klein
ADE_train_00022761.jpg,30935,mittel
ADE_train_00001813.jpg,16892,mittel
ADE_train_00008217.jpg,3566,klein
ADE_train_00007685.jpg,24065,mittel
ADE_train_00001699.jpg,15512,mittel
ADE_train_00002270.jpg,7112,mittel
ADE_train_00002157.jpg,19918,mittel
ADE_train_00003082.jpg,6675,klein
ADE_train_00022740.jpg,993086,groß
ADE_train_00002198.jpg,19081,mittel
ADE_train_00001714.jpg,15975,mittel
ADE_train_00002326.jpg,44412,mittel
ADE_train_00003091.jpg,257,klein
ADE_train_00019599.jpg,8067,mittel
ADE_train_00003188.jpg,875,klein
ADE_train_00000961.jpg,3842,klein
ADE_frame_00000141.jpg,39337,mittel
ADE_train_00001695.jpg,112129,groß
ADE_train_00019104.jpg,4963,klein
ADE_train_00002289.jpg,16797,mittel
ADE_train_00001237.jpg,78846,mittel
ADE_train_00001811.jpg,34376,mittel
ADE_train_00005172.jpg,35655,mittel
ADE_train_00007697.jpg,21021,mittel
ADE_train_00002058.jpg,151736,groß
ADE_train_00008810.jpg,4443,klein
ADE_train_00020279.jpg,58488,mittel
ADE_train_00022706.jpg,201879,groß
ADE_train_00001640.jpg,89267,groß
ADE_train_00023670.jpg,82106,groß
ADE_train_00000653.jpg,27726,mittel
ADE_train_00021166.jpg,120839,groß
ADE_train_00015454.jpg,26522,mittel
ADE_train_00001495.jpg,11256,mittel
ADE_train_00001703.jpg,8390,mittel
ADE_train_00020192.jpg,169409,groß
ADE_train_00020084.jpg,35402,mittel
ADE_train_00002377.jpg,5578,klein
ADE_train_00009992.jpg,18350,mittel
ADE_train_00012233.jpg,3219,klein
ADE_train_00016149.jpg,325479,groß
ADE_train_00019107.jpg,3823,klein
ADE_train_00024481.jpg,14902,mittel
ADE_train_00002143.jpg,72516,mittel
ADE_train_00020249.jpg,266993,groß
ADE_train_00002387.jpg,4993,klein
ADE_train_00019172.jpg,33559,mittel
ADE_train_00024548.jpg,508095,groß
ADE_train_00005547.jpg,6981,mittel
ADE_train_00012276.jpg,3660,klein
ADE_train_00002295.jpg,6908,klein
ADE_train_00008214.jpg,1173,klein
ADE_train_00002365.jpg,46691,mittel
ADE_train_00020207.jpg,44460,mittel
ADE_train_00007684.jpg,7048,mittel
ADE_train_00001570.jpg,241155,groß
ADE_train_00007010.jpg,3515,klein
ADE_train_00006148.jpg,1818716,groß
ADE_train_00020244.jpg,467821,groß
ADE_train_00001721.jpg,6506,klein
ADE_train_00001896.jpg,155544,groß
ADE_train_00001668.jpg,30209,mittel
ADE_train_00002342.jpg,7336,mittel
ADE_train_00015769.jpg,2798,klein
ADE_train_00002271.jpg,676967,groß
ADE_train_00021745.jpg,16215,mittel
ADE_train_00001756.jpg,4956,klein
ADE_train_00002333.jpg,92833,groß
ADE_train_00009813.jpg,4874,klein
ADE_train_00005676.jpg,276196,groß
ADE_train_00011666.jpg,83129,groß
ADE_train_00009323.jpg,257864,groß
ADE_train_00016152.jpg,7736,mittel
ADE_train_00023487.jpg,185506,groß
ADE_train_00000962.jpg,121900,groß
ADE_train_00019602.jpg,15539,mittel
ADE_train_00001776.jpg,316,klein
ADE_train_00001786.jpg,369967,groß
ADE_train_00002173.jpg,45132,mittel
ADE_train_00022931.jpg,360011,groß
ADE_train_00009811.jpg,12692,mittel
ADE_train_00011904.jpg,7765,mittel
ADE_train_00000674.jpg,5683,klein
ADE_train_00000655.jpg,10928,mittel
ADE_train_00022771.jpg,34230,mittel
ADE_train_00002176.jpg,5238,klein
ADE_train_00019298.jpg,3856,klein
ADE_train_00025115.jpg,30651,mittel
ADE_train_00022708.jpg,111085,groß
ADE_train_00020205.jpg,17139,mittel
ADE_train_00022663.jpg,49562,mittel
ADE_frame_00000192.jpg,696600,groß
ADE_train_00003058.jpg,30051,mittel
ADE_train_00005334.jpg,431011,groß
ADE_train_00019154.jpg,3437,klein
ADE_frame_00000152.jpg,18084,mittel
ADE_train_00002141.jpg,24127,mittel
ADE_train_00000668.jpg,69871,mittel
ADE_train_00008799.jpg,8476,mittel
ADE_train_00019600.jpg,9844,mittel
ADE_train_00023640.jpg,109015,groß
ADE_frame_00000219.jpg,107474,groß
ADE_train_00022741.jpg,636378,groß
ADE_train_00019147.jpg,1397295,groß
ADE_train_00007502.jpg,770,klein
ADE_train_00022690.jpg,24316,mittel
ADE_train_00001637.jpg,1047,klein
ADE_train_00001651.jpg,47876,mittel
ADE_train_00019289.jpg,2868,klein
ADE_train_00021739.jpg,2409,klein
ADE_train_00019183.jpg,21218,mittel
ADE_train_00001638.jpg,288,klein
ADE_train_00009808.jpg,6648,klein
ADE_train_00001653.jpg,6319,klein
ADE_train_00001751.jpg,8783,mittel
ADE_train_00011668.jpg,122479,groß
ADE_train_00021740.jpg,10543,mittel
ADE_frame_00000007.jpg,65327,mittel
ADE_train_00025082.jpg,10611,mittel
ADE_train_00016766.jpg,623,klein
ADE_train_00019096.jpg,1245,klein
ADE_train_00020734.jpg,222420,groß
ADE_train_00012251.jpg,3980,klein
ADE_train_00015623.jpg,7779,mittel
ADE_train_00003114.jpg,134,klein
ADE_train_00019194.jpg,59394,mittel
ADE_train_00022297.jpg,16436,mittel
ADE_train_00012215.jpg,22467,mittel
ADE_train_00015288.jpg,6766,klein
ADE_train_00019191.jpg,81532,groß
ADE_train_00001687.jpg,32868,mittel
ADE_train_00003181.jpg,21188,mittel
ADE_train_00005348.jpg,8511,mittel
ADE_train_00002348.jpg,36930,mittel
ADE_train_00002170.jpg,22380,mittel
ADE_train_00010000.jpg,15692,mittel
ADE_train_00021747.jpg,145271,groß
ADE_train_00002345.jpg,12058,mittel
ADE_train_00001778.jpg,19952,mittel
ADE_train_00006615.jpg,120468,groß
ADE_train_00005326.jpg,756331,groß
ADE_train_00003081.jpg,12,klein
ADE_train_00020078.jpg,105281,groß
ADE_train_00002380.jpg,6202,klein
ADE_train_00022694.jpg,424451,groß
ADE_train_00020086.jpg,16826,mittel
ADE_train_00019022.jpg,1270,klein
ADE_train_00002284.jpg,430709,groß
ADE_train_00006616.jpg,347820,groß
ADE_train_00001670.jpg,3614,klein
ADE_train_00023730.jpg,13046,mittel
ADE_frame_00000027.jpg,428022,groß
ADE_train_00002300.jpg,15574,mittel
ADE_train_00013808.jpg,683557,groß
ADE_train_00001754.jpg,3008,klein
ADE_train_00012218.jpg,7820,mittel
ADE_train_00006405.jpg,24330,mittel
ADE_train_00002463.jpg,165380,groß
ADE_train_00008807.jpg,23010,mittel
ADE_train_00011662.jpg,23847,mittel
ADE_train_00002196.jpg,18566,mittel
ADE_train_00007686.jpg,25054,mittel
ADE_train_00022680.jpg,226877,groß
ADE_train_00001702.jpg,284899,groß
ADE_train_00002043.jpg,7278,mittel
ADE_train_00002183.jpg,30081,mittel
ADE_train_00008673.jpg,90095,groß
ADE_train_00002146.jpg,19490,mittel
ADE_train_00024477.jpg,28882,mittel
ADE_train_00002000.jpg,1345,klein
ADE_train_00024787.jpg,37361,mittel
ADE_train_00012272.jpg,10328,mittel
ADE_train_00001558.jpg,5148,klein
ADE_train_00023133.jpg,141303,groß
ADE_train_00001709.jpg,33395,mittel
ADE_train_00000665.jpg,427917,groß
ADE_frame_00000209.jpg,53201,mittel
ADE_train_00019143.jpg,46676,mittel
ADE_train_00000654.jpg,28269,mittel
ADE_train_00025186.jpg,94969,groß
ADE_train_00010921.jpg,98690,groß
ADE_train_00005562.jpg,605,klein
ADE_train_00001571.jpg,4275,klein
ADE_train_00022870.jpg,425368,groß
ADE_train_00022738.jpg,370529,groß
ADE_train_00011667.jpg,6380,klein
ADE_frame_00000094.jpg,40737,mittel
ADE_train_00002389.jpg,18439,mittel
ADE_train_00004387.jpg,20264,mittel
ADE_train_00019155.jpg,91,klein
ADE_train_00012234.jpg,5963,klein
ADE_train_00023733.jpg,124482,groß
ADE_train_00012273.jpg,96723,groß
ADE_train_00013813.jpg,80139,groß
ADE_train_00001800.jpg,37108,mittel
ADE_train_00009348.jpg,11480,mittel
ADE_train_00001679.jpg,86429,groß
ADE_train_00001691.jpg,5487,klein
ADE_train_00019786.jpg,11745,mittel
ADE_train_00001744.jpg,3095,klein
ADE_frame_00000053.jpg,679348,groß
ADE_train_00015702.jpg,114047,groß
ADE_train_00020080.jpg,1086,klein
ADE_train_00016346.jpg,979,klein
ADE_train_00019106.jpg,17391,mittel
ADE_train_00005392.jpg,1879,klein
ADE_train_00002169.jpg,22738,mittel
ADE_train_00001779.jpg,14256,mittel
ADE_train_00001743.jpg,8456,mittel
ADE_train_00001884.jpg,50539,mittel
ADE_train_00001718.jpg,40231,mittel
ADE_train_00000662.jpg,152602,groß
ADE_train_00001559.jpg,3800,klein
ADE_frame_00000255.jpg,326656,groß
ADE_train_00001659.jpg,56873,mittel
ADE_train_00009995.jpg,1259,klein
ADE_train_00001736.jpg,37416,mittel
ADE_train_00010927.jpg,89193,groß
ADE_train_00022527.jpg,9089,mittel
ADE_frame_00000153.jpg,120377,groß
ADE_train_00007505.jpg,9082,mittel
ADE_train_00001560.jpg,18464,mittel
ADE_train_00009977.jpg,1827,klein
ADE_train_00002189.jpg,25070,mittel
ADE_train_00024482.jpg,85857,groß
ADE_train_00022759.jpg,51741,mittel
ADE_train_00000669.jpg,37510,mittel
ADE_train_00002299.jpg,25343,mittel
ADE_train_00001732.jpg,35979,mittel
ADE_train_00000003.jpg,103332,groß
ADE_train_00022636.jpg,44352,mittel
ADE_train_00005393.jpg,22808,mittel
ADE_train_00024828.jpg,103784,groß
ADE_train_00007683.jpg,1785,klein
ADE_train_00022632.jpg,42591,mittel
ADE_train_00001660.jpg,82145,groß
ADE_train_00022774.jpg,33339,mittel
ADE_train_00001661.jpg,20439,mittel
ADE_train_00021167.jpg,78092,mittel
ADE_train_00002184.jpg,11485,mittel
ADE_train_00019005.jpg,68834,mittel
ADE_train_00021744.jpg,2967,klein
ADE_train_00003165.jpg,8859,mittel
ADE_train_00008811.jpg,7883,mittel
ADE_train_00000652.jpg,50217,mittel
ADE_train_00001792.jpg,52251,mittel
ADE_train_00024547.jpg,14087,mittel
ADE_train_00022689.jpg,57873,mittel
ADE_train_00002383.jpg,6130,klein
ADE_train_00002171.jpg,9051,mittel
ADE_train_00011598.jpg,734,klein
ADE_train_00002339.jpg,18550,mittel
ADE_train_00010926.jpg,1349,klein
ADE_train_00001768.jpg,228809,groß
ADE_train_00001719.jpg,15105,mittel
ADE_train_00002374.jpg,9848,mittel
ADE_train_00001647.jpg,60135,mittel
ADE_train_00000960.jpg,278425,groß
ADE_train_00008814.jpg,8395,mittel
ADE_train_00001770.jpg,1870,klein
ADE_train_00001777.jpg,30469,mittel
ADE_train_00008809.jpg,6931,klein
ADE_train_00004252.jpg,40781,mittel
ADE_train_00020233.jpg,3766,klein
ADE_train_00009347.jpg,10285,mittel
ADE_frame_00000021.jpg,39336,mittel
ADE_train_00008813.jpg,5842,klein
ADE_train_00024427.jpg,102155,groß
ADE_train_00002185.jpg,20414,mittel
ADE_train_00003080.jpg,256,klein
ADE_train_00004244.jpg,95756,groß
ADE_train_00011711.jpg,35167,mittel
ADE_train_00024363.jpg,40473,mittel
ADE_train_00002051.jpg,4117,klein
ADE_train_00022687.jpg,50105,mittel
ADE_train_00012183.jpg,29763,mittel
ADE_train_00022985.jpg,62557,mittel
ADE_train_00001723.jpg,16442,mittel
ADE_train_00002416.jpg,10899,mittel
ADE_train_00024823.jpg,410115,groß
ADE_train_00019196.jpg,124990,groß
ADE_train_00023743.jpg,30164,mittel
ADE_train_00002154.jpg,11373,mittel
ADE_train_00004397.jpg,4793,klein
ADE_train_00001734.jpg,32452,mittel
ADE_train_00023672.jpg,60609,mittel
ADE_train_00015628.jpg,288719,groß
ADE_train_00020589.jpg,11630,mittel
ADE_train_00002425.jpg,111122,groß
ADE_train_00002343.jpg,10562,mittel
ADE_train_00019146.jpg,802312,groß
ADE_train_00013812.jpg,12357,mittel
ADE_train_00001641.jpg,3735,klein
ADE_train_00016344.jpg,28307,mittel
ADE_train_00024688.jpg,13840,mittel
ADE_train_00001672.jpg,240032,groß
ADE_train_00010768.jpg,170504,groß
ADE_train_00007699.jpg,82158,groß
ADE_train_00022725.jpg,43873,mittel
ADE_train_00008816.jpg,8669,mittel
ADE_train_00010765.jpg,100599,groß
ADE_train_00023926.jpg,217973,groß
ADE_train_00002062.jpg,194191,groß
ADE_train_00016763.jpg,39697,mittel
ADE_train_00002148.jpg,14049,mittel
ADE_train_00001682.jpg,1709,klein
ADE_train_00002168.jpg,22600,mittel
ADE_train_00007510.jpg,176567,groß
ADE_train_00001715.jpg,57097,mittel
ADE_train_00001766.jpg,5132,klein
ADE_train_00003092.jpg,7929,mittel
ADE_train_00007698.jpg,662016,groß
ADE_train_00001646.jpg,54623,mittel
ADE_train_00011914.jpg,164504,groß
ADE_train_00010978.jpg,4657,klein
ADE_train_00019102.jpg,7395,mittel
ADE_train_00022713.jpg,179313,groß
ADE_frame_00000043.jpg,174362,groß
ADE_train_00012253.jpg,33952,mittel
ADE_train_00001705.jpg,12536,mittel
ADE_train_00021741.jpg,5640,klein
ADE_train_00019300.jpg,4122,klein
ADE_frame_00000045.jpg,674,klein
ADE_train_00005167.jpg,17744,mittel
ADE_train_00019201.jpg,89404,groß
ADE_train_00025156.jpg,680656,groß
ADE_train_00011670.jpg,40477,mittel
ADE_train_00019293.jpg,17041,mittel
ADE_train_00001675.jpg,12235,mittel
ADE_train_00011597.jpg,7383,mittel
ADE_train_00011588.jpg,5636,klein
ADE_train_00002057.jpg,35260,mittel
ADE_train_00002376.jpg,1880,klein
ADE_train_00025110.jpg,25245,mittel
ADE_train_00012188.jpg,3354,klein
ADE_train_00002052.jpg,514990,groß
ADE_train_00001903.jpg,80017,groß
ADE_train_00001592.jpg,11842,mittel
ADE_train_00001666.jpg,5794,klein
ADE_train_00016767.jpg,14845,mittel
ADE_train_00006612.jpg,11924,mittel
ADE_train_00025188.jpg,201157,groß
ADE_train_00001995.jpg,507,klein
ADE_train_00002391.jpg,24061,mittel
ADE_train_00004254.jpg,10869,mittel
ADE_train_00022764.jpg,154087,groß
ADE_train_00005329.jpg,804077,groß
ADE_train_00022702.jpg,33625,mittel
ADE_train_00002055.jpg,665181,groß
ADE_train_00019296.jpg,19906,mittel
ADE_train_00001696.jpg,528072,groß
ADE_train_00020236.jpg,37249,mittel
ADE_train_00002149.jpg,1663,klein
ADE_train_00000673.jpg,19869,mittel
ADE_train_00022241.jpg,247631,groß
ADE_train_00002277.jpg,15728,mittel
ADE_train_00002350.jpg,32657,mittel
ADE_train_00002335.jpg,27731,mittel
ADE_frame_00000105.jpg,51972,mittel
ADE_train_00023136.jpg,76164,mittel
ADE_train_00004253.jpg,13754,mittel
ADE_train_00019142.jpg,4356,klein
ADE_train_00024074.jpg,43538,mittel
ADE_train_00004385.jpg,7290,mittel
ADE_frame_00000205.jpg,1394,klein
ADE_train_00023739.jpg,24749,mittel
ADE_train_00001494.jpg,24759,mittel
ADE_train_00001710.jpg,55520,mittel
ADE_train_00006619.jpg,4547,klein
ADE_train_00001642.jpg,5542,klein
ADE_train_00019292.jpg,10489,mittel
ADE_frame_00000264.jpg,32576,mittel
ADE_train_00002268.jpg,1619,klein
ADE_train_00019285.jpg,10166,mittel
ADE_train_00005338.jpg,28452,mittel
ADE_train_00020474.jpg,46622,mittel
ADE_train_00023925.jpg,242328,groß
ADE_train_00022688.jpg,94223,groß
ADE_train_00001591.jpg,378,klein
ADE_train_00001733.jpg,7582,mittel
ADE_train_00019101.jpg,3663,klein
ADE_train_00008817.jpg,2879,klein
ADE_train_00020085.jpg,28319,mittel
ADE_train_00003166.jpg,4450,klein
ADE_train_00007504.jpg,9148,mittel
ADE_train_00005554.jpg,2101,klein
ADE_train_00011665.jpg,333861,groß
ADE_train_00022739.jpg,231301,groß
ADE_train_00022648.jpg,440056,groß
ADE_train_00001692.jpg,272704,groß
ADE_train_00002147.jpg,20990,mittel
ADE_train_00010951.jpg,2756,klein
ADE_train_00001752.jpg,2546,klein
ADE_train_00001742.jpg,15399,mittel
ADE_train_00016343.jpg,6730,klein
ADE_train_00022721.jpg,30110,mittel
ADE_train_00007692.jpg,5048,klein
ADE_train_00001729.jpg,2827,klein
ADE_train_00008299.jpg,46589,mittel
ADE_train_00010763.jpg,17134,mittel
ADE_train_00002142.jpg,22950,mittel
ADE_train_00019598.jpg,6979,mittel
ADE_train_00024254.jpg,50963,mittel
ADE_train_00001988.jpg,69367,mittel
ADE_train_00025023.jpg,14247,mittel
ADE_train_00002384.jpg,2506,klein
ADE_train_00001948.jpg,23883,mittel
ADE_train_00019295.jpg,60750,mittel
ADE_train_00001684.jpg,11757,mittel
ADE_train_00011595.jpg,2721,klein
ADE_train_00001764.jpg,16443,mittel
ADE_train_00019205.jpg,7554,mittel
ADE_train_00014180.jpg,325576,groß
ADE_train_00001731.jpg,7766,mittel
ADE_train_00022772.jpg,116698,groß
ADE_train_00001335.jpg,21571,mittel
ADE_train_00001662.jpg,692,klein
ADE_train_00001671.jpg,189837,groß
ADE_train_00025081.jpg,76587,mittel
ADE_train_00001894.jpg,2646,klein
ADE_train_00009997.jpg,12751,mittel
ADE_train_00001564.jpg,14798,mittel
ADE_train_00015455.jpg,3237,klein
ADE_train_00005556.jpg,637,klein
ADE_train_00015775.jpg,4080,klein
ADE_train_00020204.jpg,8368,mittel
ADE_train_00002370.jpg,4726,klein
ADE_train_00001737.jpg,11704,mittel
ADE_train_00001899.jpg,44374,mittel
ADE_train_00002334.jpg,24540,mittel
ADE_train_00005331.jpg,471645,groß
ADE_train_00004383.jpg,5435,klein
ADE_train_00000666.jpg,22258,mittel
ADE_train_00019097.jpg,780,klein
ADE_train_00025187.jpg,161970,groß
ADE_train_00024553.jpg,10744,mittel
ADE_train_00011590.jpg,3006,klein
ADE_train_00001796.jpg,127888,groß
ADE_train_00001799.jpg,24893,mittel
ADE_train_00006614.jpg,3757,klein
ADE_train_00002144.jpg,34882,mittel
ADE_train_00002292.jpg,9200,mittel
ADE_train_00012230.jpg,26442,mittel
ADE_train_00001664.jpg,2322,klein
ADE_train_00001607.jpg,10323,mittel
ADE_train_00002294.jpg,1894,klein
ADE_train_00002061.jpg,215480,groß
ADE_train_00008802.jpg,9181,mittel
ADE_train_00012221.jpg,6938,mittel
ADE_train_00009806.jpg,3662,klein
ADE_train_00003170.jpg,6968,mittel
ADE_train_00001683.jpg,4300,klein
ADE_train_00015460.jpg,25086,mittel
ADE_frame_00000052.jpg,95644,groß
ADE_frame_00000269.jpg,55726,mittel
ADE_train_00001678.jpg,75532,mittel
ADE_train_00024480.jpg,48909,mittel
ADE_train_00002406.jpg,25580,mittel
ADE_train_00023673.jpg,42303,mittel
ADE_train_00001730.jpg,16347,mittel
ADE_train_00012288.jpg,6543,klein
ADE_train_00022773.jpg,35707,mittel
ADE_train_00001634.jpg,3242,klein
ADE_train_00019501.jpg,3355,klein
ADE_train_00001712.jpg,64836,mittel
ADE_train_00004247.jpg,85016,groß
ADE_train_00022679.jpg,113451,groß
ADE_train_00003176.jpg,35003,mittel
ADE_train_00008804.jpg,21100,mittel
ADE_train_00002349.jpg,18310,mittel
ADE_train_00019178.jpg,4243,klein
ADE_train_00001700.jpg,10397,mittel
ADE_train_00001650.jpg,66780,mittel
ADE_train_00001745.jpg,7539,mittel
ADE_train_00022691.jpg,131001,groß
ADE_train_00001722.jpg,24981,mittel
ADE_train_00015461.jpg,23080,mittel
ADE_train_00022676.jpg,1100701,groß
ADE_train_00000661.jpg,50347,mittel
ADE_train_00004953.jpg,2083,klein
ADE_train_00002179.jpg,9181,mittel
ADE_train_00001707.jpg,21057,mittel
ADE_train_00020588.jpg,15107,mittel
ADE_train_00001685.jpg,7001,mittel
ADE_train_00024078.jpg,18384,mittel
ADE_train_00001740.jpg,9222,mittel
ADE_train_00001772.jpg,1917,klein
ADE_train_00004949.jpg,294863,groß
ADE_train_00002385.jpg,20679,mittel
ADE_train_00002369.jpg,1446,klein
ADE_train_00005396.jpg,357,klein
ADE_train_00009320.jpg,87152,groß
ADE_train_00002275.jpg,312059,groß
ADE_train_00002290.jpg,63801,mittel
ADE_train_00002050.jpg,125371,groß
ADE_train_00002418.jpg,1822,klein
ADE_train_00022745.jpg,247633,groß
ADE_train_00002049.jpg,326892,groß
ADE_train_00002276.jpg,5377,klein
ADE_train_00009810.jpg,164,klein
ADE_train_00022693.jpg,232415,groß
ADE_train_00004283.jpg,201725,groß
ADE_train_00005417.jpg,227203,groß
ADE_train_00001803.jpg,2297,klein
ADE_train_00022736.jpg,95552,groß
ADE_train_00005539.jpg,442897,groß
ADE_train_00015462.jpg,36061,mittel
ADE_train_00019297.jpg,19084,mittel
ADE_train_00021164.jpg,8120,mittel
ADE_train_00024825.jpg,183202,groß
ADE_train_00002382.jpg,4298,klein
ADE_train_00000658.jpg,24499,mittel
ADE_train_00019513.jpg,4397,klein
ADE_train_00019280.jpg,850,klein
ADE_train_00009686.jpg,4259,klein
ADE_train_00022704.jpg,38656,mittel
ADE_train_00012240.jpg,3868,klein
ADE_train_00016348.jpg,610,klein
ADE_train_00003186.jpg,8764,mittel
ADE_train_00022737.jpg,770352,groß
ADE_train_00005289.jpg,16241,mittel
ADE_train_00009335.jpg,23361,mittel
ADE_train_00001989.jpg,2099,klein
ADE_train_00019299.jpg,14248,mittel
ADE_train_00011593.jpg,3300,klein
ADE_train_00022734.jpg,191060,groß
ADE_train_00012186.jpg,4503,klein
ADE_train_00003164.jpg,10427,mittel
ADE_frame_00000266.jpg,530592,groß
ADE_train_00002145.jpg,8320,mittel
ADE_train_00001888.jpg,316852,groß
ADE_train_00001887.jpg,89516,groß
ADE_train_00024555.jpg,22318,mittel
ADE_train_00002178.jpg,56238,mittel
ADE_train_00012217.jpg,4813,klein
ADE_train_00016148.jpg,30226,mittel
ADE_train_00012224.jpg,57170,mittel
ADE_train_00022986.jpg,25565,mittel
ADE_train_00003066.jpg,728213,groß
ADE_train_00001693.jpg,209256,groß
ADE_train_00012226.jpg,17750,mittel
ADE_train_00002288.jpg,390926,groß
ADE_train_00005324.jpg,29347,mittel
ADE_train_00025119.jpg,29772,mittel
ADE_frame_00000066.jpg,90094,groß
ADE_train_00022763.jpg,57264,mittel
ADE_train_00019287.jpg,378801,groß
ADE_train_00001493.jpg,16624,mittel
ADE_train_00023731.jpg,28658,mittel
ADE_train_00024361.jpg,148034,groß
ADE_train_00004840.jpg,145188,groß
ADE_train_00001652.jpg,348626,groß
ADE_train_00016341.jpg,146,klein
ADE_train_00022677.jpg,69867,mittel
ADE_train_00001724.jpg,106164,groß
ADE_train_00019284.jpg,14741,mittel
ADE_train_00003060.jpg,6907,klein
ADE_train_00002373.jpg,35022,mittel
ADE_train_00007694.jpg,13420,mittel
ADE_train_00007701.jpg,12713,mittel
ADE_frame_00000042.jpg,37577,mittel
ADE_train_00024076.jpg,27375,mittel
ADE_frame_00000263.jpg,83946,groß
ADE_train_00012250.jpg,7590,mittel
ADE_train_00001492.jpg,6092,klein
ADE_frame_00000299.jpg,64566,mittel
ADE_train_00002347.jpg,54529,mittel
ADE_train_00001798.jpg,145570,groß
ADE_train_00005600.jpg,39529,mittel
ADE_train_00019018.jpg,3695,klein
ADE_train_00001681.jpg,5046,klein
ADE_train_00001645.jpg,22425,mittel
ADE_train_00001807.jpg,83358,groß
ADE_train_00001739.jpg,2518,klein
ADE_train_00001665.jpg,37334,mittel
ADE_train_00002060.jpg,29800,mittel
ADE_train_00022649.jpg,17938,mittel
ADE_train_00001503.jpg,577,klein
ADE_train_00001408.jpg,359630,groß
ADE_frame_00000154.jpg,40094,mittel
ADE_train_00003062.jpg,4385,klein
ADE_frame_00000265.jpg,152140,groß
ADE_train_00022767.jpg,363795,groß
ADE_train_00004954.jpg,15162,mittel
ADE_train_00002371.jpg,4638,klein
ADE_train_00023732.jpg,2700,klein
ADE_train_00012229.jpg,26223,mittel
ADE_train_00002273.jpg,28025,mittel
ADE_train_00001812.jpg,52769,mittel
ADE_train_00005281.jpg,5824,klein
ADE_train_00013807.jpg,376942,groß
ADE_train_00013809.jpg,79995,groß
ADE_train_00001643.jpg,40091,mittel
ADE_train_00001738.jpg,15058,mittel
ADE_train_00021746.jpg,5513,klein
ADE_train_00001808.jpg,7857,mittel
ADE_train_00024479.jpg,27684,mittel
ADE_train_00004249.jpg,12563,mittel
ADE_train_00001780.jpg,3788,klein
ADE_train_00001984.jpg,1654,klein
ADE_train_00006408.jpg,3664,klein
ADE_train_00019510.jpg,3850,klein
ADE_train_00002280.jpg,105211,groß
ADE_train_00001648.jpg,16799,mittel
ADE_train_00005330.jpg,643950,groß
ADE_train_00021168.jpg,316181,groß
ADE_train_00000659.jpg,21164,mittel
ADE_train_00002046.jpg,44660,mittel
ADE_train_00012244.jpg,39869,mittel
ADE_train_00002336.jpg,26224,mittel
ADE_train_00002047.jpg,778020,groß
ADE_train_00001783.jpg,49619,mittel
ADE_train_00024478.jpg,10064,mittel
ADE_train_00023734.jpg,80839,groß
ADE_train_00010977.jpg,1484,klein
ADE_train_00012239.jpg,3739,klein
ADE_train_00020444.jpg,269604,groß
ADE_train_00004386.jpg,22117,mittel
ADE_train_00000657.jpg,114720,groß
ADE_train_00001491.jpg,27877,mittel
ADE_train_00016054.jpg,5775,klein
ADE_train_00002427.jpg,8589,mittel
ADE_train_00001654.jpg,18114,mittel
ADE_train_00011669.jpg,54078,mittel
ADE_train_00020278.jpg,39920,mittel
ADE_train_00025155.jpg,18243,mittel
ADE_train_00007696.jpg,579,klein
ADE_train_00001686.jpg,70537,mittel
ADE_frame_00000026.jpg,51228,mittel
ADE_train_00023924.jpg,151390,groß
ADE_train_00014336.jpg,4687,klein
ADE_train_00016349.jpg,239,klein
ADE_train_00002181.jpg,5282,klein
ADE_train_00001769.jpg,44001,mittel
ADE_frame_00000166.jpg,140073,groß
ADE_train_00001644.jpg,73227,mittel
ADE_train_00003191.jpg,3708,klein
ADE_train_00001501.jpg,1374,klein
ADE_train_00002186.jpg,1165,klein
ADE_train_00002429.jpg,5517,klein
ADE_train_00001551.jpg,20891,mittel
ADE_train_00022742.jpg,278795,groß
ADE_train_00001749.jpg,2792,klein
ADE_train_00012275.jpg,4922,klein
ADE_train_00002421.jpg,14169,mittel
ADE_frame_00000029.jpg,35235,mittel
ADE_train_00001690.jpg,8158,mittel
ADE_train_00011863.jpg,52345,mittel
ADE_train_00003174.jpg,18238,mittel
ADE_train_00019105.jpg,2045,klein
ADE_train_00001674.jpg,18603,mittel
ADE_train_00001900.jpg,139178,groß
ADE_train_00001677.jpg,371,klein
ADE_train_00001636.jpg,1209,klein
ADE_train_00022733.jpg,251414,groß
ADE_train_00001669.jpg,4687,klein
ADE_train_00024827.jpg,530177,groß
ADE_train_00002424.jpg,1517219,groß
ADE_train_00019601.jpg,2319,klein
ADE_train_00010925.jpg,33061,mittel
ADE_train_00001782.jpg,6175,klein
ADE_train_00001708.jpg,23101,mittel
ADE_train_00001656.jpg,525686,groß
ADE_train_00001639.jpg,4221,klein
ADE_train_00011599.jpg,1214,klein
ADE_train_00002420.jpg,8785,mittel
ADE_train_00001725.jpg,28949,mittel
ADE_train_00001658.jpg,8938,mittel
ADE_train_00001801.jpg,92780,groß
ADE_frame_00000016.jpg,108633,groß
ADE_train_00021743.jpg,6011,klein
ADE_frame_00000051.jpg,68927,mittel
ADE_train_00021492.jpg,267283,groß
ADE_train_00022710.jpg,20701,mittel
ADE_train_00001890.jpg,175862,groß
ADE_train_00015458.jpg,18242,mittel
ADE_train_00016350.jpg,662,klein
ADE_train_00006409.jpg,4685,klein
ADE_train_00002285.jpg,21022,mittel
ADE_train_00002053.jpg,1673045,groß
ADE_train_00007691.jpg,402,klein
ADE_train_00012184.jpg,12447,mittel
ADE_train_00007688.jpg,7548,mittel
ADE_train_00000660.jpg,14765,mittel
ADE_train_00001334.jpg,27954,mittel
ADE_train_00015463.jpg,31900,mittel
ADE_train_00010767.jpg,465239,groß
ADE_train_00008818.jpg,1996,klein
ADE_train_00001971.jpg,159574,groß
ADE_train_00001906.jpg,2445,klein
ADE_train_00016151.jpg,18023,mittel
ADE_train_00002340.jpg,10847,mittel
ADE_frame_00000107.jpg,66815,mittel
ADE_train_00003172.jpg,723,klein
ADE_train_00022743.jpg,600469,groß
ADE_train_00012232.jpg,24743,mittel
ADE_train_00020863.jpg,10618,mittel
ADE_train_00009499.jpg,44168,mittel
